Workbook

Sheet doctor
A1: row_id | B1: doctor_id | C1: first_name | D1: last_name | E1: specialty | F1: =CONCATENATE("(", B1,", ", C1,", ", D1, ", ", E1, ")") -> (doctor_id, first_name, last_name, specialty)
A2: 1 | B2: 1907 | C2: Mannix | D2: Owen | E2: =VLOOKUP(F2,speciality!$A$2:$B$6,2,FALSE) -> Family Medicine | F2: =ROUNDUP(RAND()*5,0) -> 1 | G2: =CONCATENATE("(",B2,", ", CHAR(39), C2, CHAR(39), ", ", CHAR(39), D2, CHAR(39), ", ", CHAR(39), E2, CHAR(39), "),") -> (1907, 'Mannix', 'Owen', 'Family Medicine'),
A3: 2 | B3: 1521 | C3: Kiara | D3: Ramos | E3: =VLOOKUP(F3,speciality!$A$2:$B$6,2,FALSE) -> Family Medicine | F3: =ROUNDUP(RAND()*5,0) -> 1 | G3: =CONCATENATE("(",B3,", ", CHAR(39), C3, CHAR(39), ", ", CHAR(39), D3, CHAR(39), ", ", CHAR(39), E3, CHAR(39), "),") -> (1521, 'Kiara', 'Ramos', 'Family Medicine'),
A4: 3 | B4: 350 | C4: Cameran | D4: Howe | E4: =VLOOKUP(F4,speciality!$A$2:$B$6,2,FALSE) -> Pediatrics | F4: =ROUNDUP(RAND()*5,0) -> 3 | G4: =CONCATENATE("(",B4,", ", CHAR(39), C4, CHAR(39), ", ", CHAR(39), D4, CHAR(39), ", ", CHAR(39), E4, CHAR(39), "),") -> (350, 'Cameran', 'Howe', 'Pediatrics'),
A5: 4 | B5: 1050 | C5: Iris | D5: Burch | E5: =VLOOKUP(F5,speciality!$A$2:$B$6,2,FALSE) -> Obstetrics and Gynecology | F5: =ROUNDUP(RAND()*5,0) -> 4 | G5: =CONCATENATE("(",B5,", ", CHAR(39), C5, CHAR(39), ", ", CHAR(39), D5, CHAR(39), ", ", CHAR(39), E5, CHAR(39), "),") -> (1050, 'Iris', 'Burch', 'Obstetrics and Gynecology'),
A6: 5 | B6: 854 | C6: Jeremy | D6: Le | E6: =VLOOKUP(F6,speciality!$A$2:$B$6,2,FALSE) -> Obstetrics and Gynecology | F6: =ROUNDUP(RAND()*5,0) -> 4 | G6: =CONCATENATE("(",B6,", ", CHAR(39), C6, CHAR(39), ", ", CHAR(39), D6, CHAR(39), ", ", CHAR(39), E6, CHAR(39), "),") -> (854, 'Jeremy', 'Le', 'Obstetrics and Gynecology'),
A7: 6 | B7: 1698 | C7: Logan | D7: Terry | E7: =VLOOKUP(F7,speciality!$A$2:$B$6,2,FALSE) -> Family Medicine | F7: =ROUNDUP(RAND()*5,0) -> 1 | G7: =CONCATENATE("(",B7,", ", CHAR(39), C7, CHAR(39), ", ", CHAR(39), D7, CHAR(39), ", ", CHAR(39), E7, CHAR(39), "),") -> (1698, 'Logan', 'Terry', 'Family Medicine'),
A8: 7 | B8: 230 | C8: Martina | D8: Bender | E8: =VLOOKUP(F8,speciality!$A$2:$B$6,2,FALSE) -> Family Medicine | F8: =ROUNDUP(RAND()*5,0) -> 1 | G8: =CONCATENATE("(",B8,", ", CHAR(39), C8, CHAR(39), ", ", CHAR(39), D8, CHAR(39), ", ", CHAR(39), E8, CHAR(39), "),") -> (230, 'Martina', 'Bender', 'Family Medicine'),
A9: 8 | B9: 1429 | C9: Grace | D9: Henry | E9: =VLOOKUP(F9,speciality!$A$2:$B$6,2,FALSE) -> Pediatrics | F9: =ROUNDUP(RAND()*5,0) -> 3 | G9: =CONCATENATE("(",B9,", ", CHAR(39), C9, CHAR(39), ", ", CHAR(39), D9, CHAR(39), ", ", CHAR(39), E9, CHAR(39), "),") -> (1429, 'Grace', 'Henry', 'Pediatrics'),
A10: 9 | B10: 284 | C10: Iris | D10: Beasley | E10: =VLOOKUP(F10,speciality!$A$2:$B$6,2,FALSE) -> Psychiatry | F10: =ROUNDUP(RAND()*5,0) -> 5 | G10: =CONCATENATE("(",B10,", ", CHAR(39), C10, CHAR(39), ", ", CHAR(39), D10, CHAR(39), ", ", CHAR(39), E10, CHAR(39), "),") -> (284, 'Iris', 'Beasley', 'Psychiatry'),
A11: 10 | B11: 617 | C11: Tasha | D11: Dickson | E11: =VLOOKUP(F11,speciality!$A$2:$B$6,2,FALSE) -> Family Medicine | F11: =ROUNDUP(RAND()*5,0) -> 1 | G11: =CONCATENATE("(",B11,", ", CHAR(39), C11, CHAR(39), ", ", CHAR(39), D11, CHAR(39), ", ", CHAR(39), E11, CHAR(39), "),") -> (617, 'Tasha', 'Dickson', 'Family Medicine'),
A12: 11 | B12: 542 | C12: Clarke | D12: Montgomery | E12: =VLOOKUP(F12,speciality!$A$2:$B$6,2,FALSE) -> Pediatrics | F12: =ROUNDUP(RAND()*5,0) -> 3 | G12: =CONCATENATE("(",B12,", ", CHAR(39), C12, CHAR(39), ", ", CHAR(39), D12, CHAR(39), ", ", CHAR(39), E12, CHAR(39), "),") -> (542, 'Clarke', 'Montgomery', 'Pediatrics'),
A13: 12 | B13: 863 | C13: Meghan | D13: Sanders | E13: =VLOOKUP(F13,speciality!$A$2:$B$6,2,FALSE) -> Family Medicine | F13: =ROUNDUP(RAND()*5,0) -> 1 | G13: =CONCATENATE("(",B13,", ", CHAR(39), C13, CHAR(39), ", ", CHAR(39), D13, CHAR(39), ", ", CHAR(39), E13, CHAR(39), "),") -> (863, 'Meghan', 'Sanders', 'Family Medicine'),
... A26: 25 | B26: 377 | C26: Tara | D26: Stafford | E26: =VLOOKUP(F26,speciality!$A$2:$B$6,2,FALSE) -> Pediatrics | F26: =ROUNDUP(RAND()*5,0) -> 3 | G26: =CONCATENATE("(",B26,", ", CHAR(39), C26, CHAR(39), ", ", CHAR(39), D26, CHAR(39), ", ", CHAR(39), E26, CHAR(39), "),") -> (377, 'Tara', 'Stafford', 'Pediatrics'),

Sheet speciality
A1: specialty_id | B1: specialty_name
A2: 1 | B2: Family Medicine
A3: 2 | B3: Internal Medicine
A4: 3 | B4: Pediatrics
A5: 4 | B5: Obstetrics and Gynecology
A6: 5 | B6: Psychiatry
